,City,Cloudiness,Country,Lat,Lang,Date,Humidity,Max Temp,Wind Speed
0,Hobart,40,AU,-42.88,147.33,1587361864,44,59.0,25.28
1,Sobolevo,20,RU,54.43,31.9,1587361865,72,37.72,11.56
2,Ancud,58,CL,-41.87,-73.82,1587361866,100,44.6,1.12
3,Manacapuru,20,BR,-3.3,-60.62,1587361866,94,77.0,2.21
4,Klaksvík,0,FO,62.23,-6.59,1587361866,93,42.8,12.75
5,Vaini,40,TO,-21.2,-175.2,1587361697,78,78.8,9.17
6,Dunedin,81,NZ,-45.87,170.5,1587361783,50,57.99,8.68
7,East London,0,ZA,-33.02,27.91,1587361867,68,71.6,4.7
8,Weligama,3,LK,5.97,80.42,1587361867,58,91.09,8.21
9,Busselton,97,AU,-33.65,115.33,1587361687,35,70.0,22.66
10,Souillac,75,MU,-20.52,57.52,1587361867,88,75.2,19.46
11,Hamilton,1,US,39.18,-84.53,1587361867,93,46.99,5.37
12,Maningrida,26,AU,-12.07,134.27,1587361868,62,88.56,10.87
13,Vilhena,95,BR,-12.74,-60.15,1587361694,83,67.84,2.06
14,Sungai Penuh,48,ID,-2.08,101.38,1587361868,47,81.7,1.97
15,Icod de los Vinos,5,ES,28.37,-16.71,1587361868,74,66.0,7.0
16,Bethel,75,US,41.37,-73.41,1587361868,43,52.0,3.36
17,Saldanha,85,ZA,-33.01,17.94,1587361869,87,59.0,12.75
18,Lorengau,34,PG,-2.02,147.27,1587361732,69,85.41,4.76
19,‘Āhuimanu,75,US,21.44,-157.84,1587361869,57,80.6,4.7
20,Half Moon Bay,90,US,37.46,-122.43,1587361865,71,57.0,4.7
21,Berea,86,US,41.37,-81.85,1587361869,72,39.99,1.01
22,Brownsville,90,US,25.9,-97.5,1587361870,88,78.8,6.93
23,Ilesha,100,NG,7.14,5.26,1587361870,90,73.49,3.13
24,Mar del Plata,89,AR,-38.0,-57.56,1587361858,93,61.0,4.85
25,Nishihara,75,JP,26.18,127.76,1587361761,77,71.6,6.93
26,Lodwar,100,KE,3.12,35.6,1587361870,44,81.63,3.8
27,Punta Arenas,40,CL,-53.15,-70.92,1587361871,75,42.8,19.46
28,Yeniseysk,94,RU,58.45,92.17,1587361871,47,47.64,12.26
29,Hofn,93,IS,64.25,-15.21,1587361871,87,44.64,7.81
30,Puerto Escondido,8,MX,15.85,-97.07,1587361872,71,78.08,2.21
31,Ushuaia,90,AR,-54.8,-68.3,1587361873,80,39.2,32.21
32,Rikitea,61,PF,-23.12,-134.97,1587361689,71,76.8,6.62
33,Albany,96,US,42.6,-73.97,1587361873,56,48.0,1.99
34,Khatanga,30,RU,71.97,102.5,1587361873,98,33.03,5.75
35,Lompoc,75,US,34.64,-120.46,1587361731,81,51.8,7.81
36,Khovd,0,MN,48.01,91.64,1587361874,22,49.37,5.23
37,New Norfolk,61,AU,-42.78,147.06,1587361874,74,57.99,5.99
38,Iqaluit,20,CA,63.75,-68.51,1587361698,63,-5.01,2.68
39,Narsaq,1,GL,60.92,-46.05,1587361874,49,23.0,5.82
40,Sorong,35,ID,-0.88,131.25,1587361874,81,85.17,3.15
41,Cape Town,75,ZA,-33.93,18.42,1587361875,72,62.01,13.87
42,Puerto Ayora,65,EC,-0.74,-90.35,1587361875,87,80.01,5.99
43,Santa,79,PH,17.49,120.43,1587361875,50,91.92,10.36
44,Port Blair,28,IN,11.67,92.75,1587361875,74,85.21,8.08
45,Bluff,63,NZ,-46.6,168.33,1587361697,78,55.0,4.0
46,Aklavik,90,CA,68.22,-135.01,1587361876,72,14.0,10.29
47,Dikson,93,RU,73.51,80.55,1587361876,96,33.03,14.9
48,Atuona,71,PF,-9.8,-139.03,1587361876,76,82.62,15.99
49,Arraial do Cabo,46,BR,-22.97,-42.03,1587361877,81,70.61,7.05
50,Cidreira,0,BR,-30.18,-50.21,1587361877,86,65.88,14.16
51,Thompson,90,CA,55.74,-97.86,1587361877,85,15.8,5.82
52,Arlit,0,NE,18.74,7.39,1587361877,12,83.25,10.33
53,Mahébourg,75,MU,-20.41,57.7,1587361877,88,75.2,19.46
54,Mataura,66,NZ,-46.19,168.86,1587361878,79,55.0,5.01
55,Bud,1,US,39.45,-86.18,1587361878,70,46.99,6.93
56,Cantanhede,94,BR,-3.63,-44.38,1587361878,96,73.8,1.54
57,Pingliang,100,CN,35.54,106.69,1587361878,22,52.07,6.38
58,Hithadhoo,88,MV,-0.6,73.08,1587361702,74,85.08,11.41
59,Kahului,75,US,20.89,-156.47,1587361879,69,75.2,8.05
60,Provideniya,100,RU,64.38,-173.3,1587361879,95,21.36,11.59
61,George Town,20,MY,5.41,100.34,1587361879,70,93.2,6.93
62,Port Hedland,56,AU,-20.32,118.57,1587361879,47,95.0,11.41
63,Bredasdorp,0,ZA,-34.53,20.04,1587361879,81,53.6,3.36
64,Morondava,0,MG,-20.28,44.28,1587361880,52,82.24,9.24
65,Mount Gambier,75,AU,-37.83,140.77,1587361880,63,60.8,14.99
66,Yellowknife,75,CA,62.46,-114.35,1587361880,72,10.4,3.36
67,Quesnel,1,CA,53.0,-122.5,1587361862,70,44.6,3.71
68,Adwa,98,ET,14.16,38.9,1587361880,10,73.15,3.42
69,Omsukchan,100,RU,62.53,155.8,1587361881,85,9.12,7.67
70,Awjilah,91,LY,29.11,21.29,1587361881,22,74.32,15.28
71,Barrow,90,US,71.29,-156.79,1587361881,84,8.6,5.82
72,Talnakh,100,RU,69.49,88.4,1587361882,64,37.4,29.08
73,Mirador,96,BR,-6.37,-44.36,1587361882,88,72.52,0.98
74,Cap-aux-Meules,0,CA,47.38,-61.86,1587361883,94,31.46,4.43
75,Chokurdakh,96,RU,70.63,147.92,1587361716,95,12.06,10.31
76,Fare,77,PF,-16.7,-151.02,1587361883,78,83.21,21.34
77,Sabha,67,LY,27.04,14.43,1587361779,15,78.96,21.36
78,Airai,30,TL,-8.93,125.41,1587361884,47,72.64,3.29
79,Butaritari,16,KI,3.07,172.79,1587361884,70,84.07,7.16
80,Hong Kong,13,HK,22.29,114.16,1587361621,43,89.01,4.0
81,Atambua,44,ID,-9.11,124.89,1587361884,59,82.13,1.99
82,Hirara,75,JP,24.8,125.28,1587361885,83,75.2,16.11
83,Mopipi,0,BW,-21.18,24.88,1587361885,43,66.79,12.86
84,Nikolskoye,20,RU,59.7,30.79,1587361885,79,41.0,4.47
85,Bambous Virieux,75,MU,-20.34,57.76,1587361885,88,75.2,19.46
86,Tasiilaq,100,GL,65.61,-37.64,1587361885,68,30.2,3.36
87,Tiksi,100,RU,71.69,128.87,1587361886,94,21.16,6.73
88,Geraldton,40,AU,-28.77,114.6,1587361682,41,75.99,12.75
89,Kyra,86,RU,49.58,111.98,1587361886,48,29.28,16.55
90,Nanortalik,8,GL,60.14,-45.24,1587361703,84,28.29,5.12
91,Baraki Barak,24,AF,33.97,68.95,1587361886,24,58.21,0.85
92,Fairbanks,90,US,64.84,-147.72,1587361778,100,39.99,6.38
93,Arawa,97,PG,-6.21,155.54,1587361887,73,83.19,2.53
94,Kavieng,57,PG,-2.57,150.8,1587361887,71,84.74,5.41
95,Qaanaaq,62,GL,77.48,-69.36,1587361887,82,14.59,10.51
96,Torbay,90,CA,47.67,-52.73,1587361689,100,37.0,13.87
97,Port Alfred,0,ZA,-33.59,26.89,1587361888,59,71.01,1.01
98,Larap,87,PH,14.3,122.65,1587361888,69,85.08,9.66
99,Tuktoyaktuk,90,CA,69.45,-133.04,1587361697,84,8.6,4.7
100,Lavrentiya,98,RU,65.58,-171.0,1587361888,93,16.0,6.69
101,Clyde River,1,CA,70.47,-68.59,1587361888,63,-7.6,4.7
102,Magrath,1,CA,49.42,-112.87,1587361889,60,42.8,4.7
103,Ambilobe,82,MG,-13.2,49.05,1587361889,65,82.26,5.35
104,Berlevåg,59,NO,70.86,29.09,1587361889,80,39.2,25.28
105,Korla,91,CN,41.76,86.15,1587361889,20,66.18,3.44
106,Grand Gaube,75,MU,-20.01,57.66,1587361889,88,75.2,19.46
107,Kununurra,14,AU,-15.77,128.73,1587361747,31,100.4,10.29
108,Cabo San Lucas,43,MX,22.89,-109.91,1587361890,73,66.78,11.77
109,Vardø,20,NO,70.37,31.11,1587361890,69,39.2,16.11
110,Santarém,20,BR,-2.44,-54.71,1587361880,100,73.4,1.12
111,Izhma,98,RU,65.01,53.91,1587361891,93,35.47,3.2
112,Kitgum,91,UG,3.28,32.89,1587361891,62,70.32,3.33
113,São Filipe,0,CV,14.9,-24.5,1587361892,75,70.47,15.88
114,Kargasok,97,RU,59.06,80.86,1587361892,75,51.48,5.21
115,Novo Oriente,85,BR,-5.53,-40.77,1587361892,83,70.66,1.48
116,Lata,100,PT,40.16,-8.33,1587361892,96,51.01,1.86
117,Samarai,67,PG,-10.62,150.67,1587361892,71,84.69,8.46
118,Taoudenni,0,ML,22.68,-3.98,1587361893,27,72.91,5.91
119,Sitka,90,US,57.05,-135.33,1587361728,87,42.8,3.36
120,San Quintín,89,MX,30.48,-115.95,1587361893,78,59.0,15.39
121,Caravelas,37,BR,-17.71,-39.25,1587361893,80,74.23,11.07
122,Río Gallegos,65,AR,-51.62,-69.22,1587361788,74,42.8,21.92
123,Boueni,20,YT,-12.9,45.08,1587361894,66,87.8,17.22
124,Severo-Kuril'sk,46,RU,50.68,156.12,1587361894,89,32.2,9.78
125,Jamestown,40,US,42.1,-79.24,1587361844,69,37.0,8.05
126,Castro,66,BR,-24.79,-50.01,1587361894,69,55.0,5.17
127,Salalah,40,OM,17.02,54.09,1587361895,70,84.2,6.93
128,Montluçon,74,FR,46.33,2.6,1587361895,98,55.0,1.01
129,Trelew,43,AR,-43.25,-65.31,1587361895,41,56.64,25.19
130,Saint-François,90,FR,46.42,3.91,1587361895,87,55.99,2.24
131,Marawi,98,PH,8.0,124.29,1587361895,67,78.69,4.03
132,Valparaíso,0,CL,-33.04,-71.63,1587361896,93,55.4,3.36
133,Margate,0,GB,51.38,1.39,1587361896,70,51.01,8.99
134,Kalemie,89,CD,-5.95,29.19,1587361896,64,71.69,4.29
135,Wakkanai,100,JP,45.41,141.67,1587361896,67,48.2,14.99
136,Evensk,100,RU,61.95,159.23,1587361896,91,18.09,6.96
137,Grindavik,90,IS,63.84,-22.43,1587361701,100,46.4,28.86
138,Port Augusta,75,AU,-32.5,137.77,1587361897,60,71.01,13.87
139,Miyako,100,JP,39.64,141.95,1587361897,92,48.92,15.84
140,Mezhdurechensk,78,RU,53.69,88.06,1587361897,35,64.33,1.34
141,Vanimo,100,PG,-2.67,141.3,1587361782,82,80.38,10.02
142,Kapaa,75,US,22.08,-159.32,1587361897,73,77.0,6.93
143,Merauke,45,ID,-8.47,140.33,1587361715,79,84.7,9.1
144,San Vicente,0,AR,-26.62,-54.13,1587361898,69,55.17,1.86
145,Kavaratti,20,IN,10.57,72.64,1587361898,62,89.6,3.36
146,Erzin,40,TR,36.96,36.2,1587361898,93,69.8,1.19
147,Provincia di Savona,100,IT,44.3,8.27,1587361898,45,57.99,5.61
148,Yumen,88,CN,40.28,97.2,1587361899,16,57.97,15.93
149,Asău,71,RO,46.43,26.4,1587361774,52,45.0,16.11
150,Nome,90,US,64.5,-165.41,1587361899,80,35.6,4.38
151,Soubre,63,CI,5.79,-6.61,1587361899,93,73.24,1.86
152,Emilio Carranza,90,MX,19.97,-96.61,1587361899,66,83.89,11.88
153,Faya,75,SA,18.39,42.45,1587361763,55,66.2,11.41
154,Zabaykal'sk,100,RU,49.63,117.32,1587361900,53,30.07,23.85
155,Dingcheng,99,CN,32.13,115.04,1587361900,63,61.45,8.28
156,Supaul,46,IN,26.12,86.6,1587361900,28,97.86,11.65
157,Kamaishi,75,JP,39.27,141.88,1587361901,100,50.0,8.05
158,Malpe,40,IN,13.35,74.72,1587361901,49,93.2,4.7
159,Husavik,4,IS,66.04,-17.34,1587361901,75,42.8,21.92
160,Llangefni,4,GB,53.26,-4.31,1587361901,70,42.8,16.11
161,Huarmey,4,PE,-10.07,-78.15,1587361901,76,71.37,5.68
162,Keflavik,90,IS,64.0,-22.56,1587361627,100,46.4,28.86
163,College,90,US,64.86,-147.8,1587361712,93,39.99,4.7
164,Igboho,100,NG,8.83,3.75,1587361902,74,75.25,7.85
165,Villa del Rosario,85,CO,7.83,-72.47,1587361902,65,72.63,2.13
166,Hermanus,11,ZA,-34.42,19.23,1587361903,95,61.0,4.0
167,Cayenne,100,GF,4.93,-52.33,1587361903,100,77.0,2.24
168,Shiyan,100,CN,32.65,110.78,1587361904,39,59.0,4.68
169,Saint George,75,US,37.1,-113.58,1587361905,44,62.01,13.87
170,Faanui,89,PF,-16.48,-151.75,1587361905,76,82.96,21.74
171,Pevek,100,RU,69.7,170.31,1587361905,95,12.09,9.04
172,Foso,93,GH,5.7,-1.29,1587361905,90,75.06,1.21
173,Saint-Philippe,75,RE,-21.36,55.77,1587361682,69,78.8,23.04
174,Girona,90,ES,41.98,2.82,1587361906,100,60.01,12.75
175,Vao,100,NC,-22.67,167.48,1587361733,92,71.26,22.75
176,Netivot,0,IL,31.42,34.59,1587361906,74,69.01,1.99
177,Codrington,39,AU,-38.27,141.97,1587361729,57,59.16,18.9
178,Kaitangata,74,NZ,-46.28,169.85,1587361906,53,57.99,5.99
179,Orangeburg,90,US,33.49,-80.86,1587361907,93,57.99,4.7
180,Diamantino,7,BR,-14.41,-56.45,1587361641,84,71.49,1.45
181,Conde,64,BR,-7.26,-34.91,1587361631,94,77.0,4.18
182,Cherskiy,100,RU,68.75,161.3,1587361907,95,13.89,5.99
183,Kuji,90,JP,40.19,141.77,1587361908,93,50.0,14.99
184,Pisco,0,PE,-13.7,-76.22,1587361908,77,68.0,5.82
185,Muğla Province,32,TR,37.23,28.36,1587361868,100,59.0,2.24
186,Banská Štiavnica,1,SK,48.45,18.91,1587361909,86,42.01,3.09
187,Mwene-Ditu,100,CD,-7.0,23.45,1587361909,75,67.06,2.42
188,Salinas,90,US,36.68,-121.66,1587361663,71,57.2,8.05
189,Leningradskiy,95,RU,69.38,178.42,1587361909,94,11.59,8.34
190,Avarua,4,CK,-21.21,-159.78,1587361910,78,78.8,5.82
191,Port Elizabeth,0,ZA,-33.92,25.57,1587361910,60,68.0,12.75
192,Mitsamiouli,20,KM,-11.38,43.28,1587361910,58,86.0,5.82
193,Ayan,100,RU,56.45,138.17,1587361779,90,23.61,16.02
194,Krasnosel'kup,100,RU,65.7,82.47,1587361911,92,40.5,11.36
195,Baykit,36,RU,61.67,96.37,1587361911,65,40.03,6.38
196,Chystyakove,100,UA,48.04,38.6,1587361911,78,45.3,6.93
197,Gambēla,99,ET,8.25,34.58,1587361911,40,85.28,4.5
198,Baruun-Urt,93,MN,46.68,113.28,1587361912,54,28.49,20.15
199,Springbok,2,ZA,-29.66,17.89,1587361912,25,60.03,1.72
200,San Patricio,0,MX,19.22,-104.7,1587361718,78,73.06,6.85
201,Coolum Beach,15,AU,-26.53,153.1,1587361912,62,79.0,1.01
202,Moche,2,PE,-8.17,-79.01,1587361912,78,71.82,6.73
203,Jining,62,CN,35.41,116.58,1587361913,25,67.26,9.69
204,Pasni,6,PK,25.26,63.47,1587361913,48,86.76,5.35
205,Carnarvon,40,AU,-24.87,113.63,1587361913,57,80.6,20.8
206,Hilo,90,US,19.73,-155.09,1587361699,69,75.2,3.36
207,Tessalit,14,ML,20.2,1.01,1587361913,38,75.52,9.28
208,Tommot,100,RU,58.96,126.29,1587361914,82,26.33,5.88
209,Tezu,96,IN,27.92,96.17,1587361914,62,71.42,4.34
210,Bangaon,40,IN,23.07,88.82,1587361914,75,91.4,12.75
211,Mazabuka,72,ZM,-15.86,27.75,1587361914,61,65.01,5.55
212,Ribeira Grande,35,PT,38.52,-28.7,1587361702,57,56.05,5.17
213,Songjianghe,100,CN,42.19,127.48,1587361915,70,41.65,7.45
214,Santa Cruz Cabrália,60,BR,-16.28,-39.02,1587361915,88,71.6,6.93
215,Makakilo City,40,US,21.35,-158.09,1587361915,69,77.0,3.36
216,Vallenar,0,CL,-28.57,-70.76,1587361915,58,60.01,0.72
217,Dingle,86,PH,11.0,122.67,1587361916,57,90.52,14.45
218,Harboøre,0,DK,56.62,8.18,1587361916,66,43.0,2.86
219,Dubbo,40,AU,-32.25,148.62,1587361917,42,68.0,11.41
220,Pangnirtung,59,CA,66.15,-65.71,1587361917,76,3.43,4.36
221,Balakhninskiy,55,RU,58.01,114.28,1587361917,77,26.42,8.03
222,Norman Wells,90,CA,65.28,-126.83,1587361691,100,26.6,3.36
223,Comodoro Rivadavia,0,AR,-45.87,-67.5,1587361656,61,48.2,18.34
224,Miles City,1,US,46.41,-105.84,1587361918,65,41.0,9.17
225,Hobyo,97,SO,5.35,48.53,1587361707,64,87.04,7.43
226,Alekseyevka,62,RU,50.63,38.69,1587361918,63,45.21,5.97
227,Athabasca,92,CA,54.72,-113.29,1587361918,77,36.63,5.37
228,Tuatapere,19,NZ,-46.13,167.68,1587361919,79,55.0,5.01
229,Necochea,95,AR,-38.55,-58.74,1587361919,79,57.74,6.4
230,Tupik,100,RU,54.43,119.93,1587361919,77,23.47,19.6
231,Glenwood Springs,90,US,39.55,-107.32,1587361840,79,37.99,1.21
232,Chumikan,100,RU,54.72,135.31,1587361919,95,24.66,21.43
233,Uruçuí,72,BR,-7.23,-44.56,1587361920,85,73.99,2.68
234,Cockburn Town,38,TC,21.46,-71.14,1587361920,82,79.09,18.48
235,Pedernales,0,DO,18.04,-71.74,1587361920,70,76.62,7.36
236,Kaseda-shirakame,75,JP,31.42,130.32,1587361920,59,66.2,12.75
237,San Miguel,31,SV,13.48,-88.18,1587361920,76,76.53,1.3
238,Kattivākkam,40,IN,13.22,80.32,1587361921,59,91.4,8.05
239,Tra Vinh,0,VN,9.93,106.35,1587361921,39,95.49,9.8
240,Mwense,80,ZM,-10.38,28.7,1587361921,63,66.94,5.53
241,Laguna,1,US,38.42,-121.42,1587361921,67,57.99,4.7
242,Alice Springs,48,AU,-23.7,133.88,1587361922,14,98.6,5.82
243,Perm,95,RU,58.02,56.29,1587361922,70,44.6,8.95
244,Zhangye,93,CN,38.93,100.45,1587361922,17,59.47,9.73
245,Dudinka,100,RU,69.41,86.18,1587361922,64,37.4,29.08
246,Ilulissat,100,GL,69.22,-51.1,1587361923,49,26.6,23.04
247,Langham,75,CA,52.37,-106.97,1587361923,80,35.6,8.05
248,Yar-Sale,100,RU,66.83,70.83,1587361895,99,34.43,9.06
249,Te Anau,40,NZ,-45.42,167.72,1587361923,67,49.12,5.57
250,Nuuk,57,GL,64.18,-51.72,1587361923,87,32.0,24.16
251,Price,75,US,39.6,-110.81,1587361831,75,44.01,3.36
252,Jumla,67,NP,29.27,82.18,1587361728,22,59.56,5.41
253,La Ronge,40,CA,55.1,-105.28,1587361924,94,32.0,6.93
254,Mormugao,40,IN,15.4,73.8,1587361924,74,87.8,5.82
255,Pacific Grove,90,US,36.62,-121.92,1587361924,67,57.2,5.82
256,Bahía Solano,85,CO,6.23,-77.4,1587361925,78,79.18,0.6
257,Biak,91,ID,-0.91,122.88,1587361925,70,83.89,6.26
258,Flinders,99,AU,-34.58,150.86,1587361925,54,68.0,3.0
259,Mudanya,100,TR,40.38,28.88,1587361925,76,57.2,2.24
260,Houma,75,US,29.6,-90.72,1587361925,83,77.0,10.29
261,Karratha,97,AU,-20.74,116.85,1587361926,48,88.61,10.85
262,Iberia,1,US,29.95,-91.75,1587361926,100,73.4,9.17
263,Vila Franca do Campo,20,PT,37.72,-25.43,1587361741,76,50.0,8.05
264,Esperance,14,AU,-33.87,121.9,1587361926,40,71.6,17.22
265,Bay Roberts,100,CA,47.6,-53.26,1587361926,1,37.0,5.01
266,Hasaki,75,JP,35.73,140.83,1587361927,100,51.8,8.05
267,Bensonville,40,LR,6.45,-10.61,1587361927,94,78.8,3.27
268,Natal,20,BR,-5.79,-35.21,1587361927,94,77.0,4.7
269,Matai,75,TZ,-8.3,31.52,1587361927,93,60.8,9.17
270,Balrāmpur,75,IN,27.43,82.18,1587361928,15,100.27,3.29
271,Saskylakh,16,RU,71.92,114.08,1587361928,95,25.97,3.09
272,Pandan,98,PH,14.05,124.17,1587361929,75,83.61,10.83
273,Coyhaique,40,CL,-45.58,-72.07,1587361929,86,39.2,3.36
274,Tilichiki,100,RU,60.47,166.1,1587361929,91,17.01,11.34
275,Shakawe,2,BW,-18.37,21.85,1587361929,41,67.57,11.07
276,Zborište,90,BA,45.15,16.02,1587361930,62,52.0,8.05
277,Bengkulu,47,ID,-3.8,102.27,1587361780,59,88.72,6.26
278,Nanpiao,0,CN,41.1,120.75,1587361930,31,54.21,25.03
279,Njinikom,98,CM,6.23,10.28,1587361930,62,63.27,1.28
280,Lüderitz,40,NA,-26.65,15.16,1587361931,87,59.0,5.82
281,Paka,40,MY,4.64,103.44,1587361931,66,89.6,8.05
282,Los Llanos de Aridane,8,ES,28.66,-17.92,1587361686,59,62.6,5.82
283,Iwaki,99,JP,37.05,140.88,1587361931,89,55.99,15.61
284,Ponta do Sol,17,PT,32.67,-17.1,1587361931,77,59.0,11.99
285,Chui,0,UY,-33.7,-53.46,1587361932,85,63.68,9.28
286,Fortuna,90,US,40.6,-124.16,1587361684,93,52.0,3.36
287,Arrondissement de Mende,100,FR,44.67,3.5,1587361932,70,44.1,2.01
288,Kruisfontein,0,ZA,-34.0,24.73,1587361932,49,68.2,1.9
289,Forsytheganj,0,BY,52.63,29.73,1587361932,69,39.18,11.86
290,Luján,0,AR,-34.57,-59.1,1587361933,80,61.0,5.39
291,Richards Bay,1,ZA,-28.78,32.04,1587361933,72,70.02,10.18
292,Kabin Buri,17,TH,13.95,101.72,1587361933,38,99.9,1.03
293,Isabela,75,PH,6.71,121.97,1587361933,74,86.0,5.82
294,Salta,0,AR,-24.79,-65.41,1587361933,93,59.0,2.24
295,Statesville,90,US,35.78,-80.89,1587361648,93,53.6,0.54
296,Kloulklubed,90,PW,7.04,134.26,1587361934,70,86.0,11.41
297,Pemba,75,MZ,-12.97,40.52,1587361934,88,75.2,10.29
298,Curup,43,ID,-3.47,102.53,1587361934,39,88.57,3.29
299,Ust'-Omchug,100,RU,61.15,149.63,1587361934,82,10.74,9.78
300,Coromandel,96,BR,-18.47,-47.2,1587361935,75,63.05,4.56
301,Haines Junction,87,CA,60.75,-137.51,1587361935,63,38.75,7.78
302,Aquiraz,25,BR,-3.9,-38.39,1587361935,88,78.8,4.7
303,Inírida,79,CO,3.87,-67.92,1587361935,94,72.63,0.72
304,Bahawalpur,89,PK,29.4,71.68,1587361835,21,91.63,2.95
305,Olafsvik,100,IS,64.89,-23.71,1587361766,91,44.2,16.51
306,Rocha,0,UY,-34.48,-54.33,1587361936,91,58.48,5.84
307,Kiama,75,AU,-34.68,150.87,1587361936,49,68.0,5.82
308,Hailar,100,CN,49.2,119.7,1587361936,59,29.17,22.62
309,Saint Paul Harbor,90,US,57.79,-152.41,1587361936,87,42.8,10.29
310,Beloha,1,MG,-25.17,45.05,1587361937,60,77.61,17.49
311,Jaqué,98,PA,7.52,-78.17,1587361937,81,78.06,1.05
312,Hashtrūd,3,IR,37.48,47.05,1587361937,30,57.78,4.27
313,Arbroath,0,GB,56.56,-2.59,1587361937,87,44.6,9.17
314,Mnogovershinnyy,100,RU,53.94,139.92,1587361938,96,24.21,16.2
315,Hambantota,4,LK,6.12,81.12,1587361938,71,86.86,13.33
316,Formosa,0,AR,-26.18,-58.18,1587361938,88,62.6,3.36
317,Sabirabad,65,AZ,40.01,48.48,1587361939,72,64.4,9.17
318,Najrān,75,SA,17.49,44.13,1587361939,69,75.2,2.57
319,Floriano,100,BR,-6.77,-43.02,1587361939,90,73.6,4.52
320,Nikolayevsk-on-Amur,100,RU,53.14,140.73,1587361939,94,32.77,9.75
321,Amahai,81,ID,-3.33,128.92,1587361940,72,84.25,3.67
322,Roebourne,94,AU,-20.78,117.13,1587361940,45,90.0,12.03
323,Lagoa,19,PT,39.05,-27.98,1587361940,57,56.62,9.51
324,San Policarpo,76,PH,12.18,125.51,1587361940,77,84.16,11.03
325,Rawson,48,AR,-43.3,-65.1,1587361940,44,57.31,27.11
326,Riyadh,100,SA,24.69,46.72,1587361744,50,75.2,9.17
327,Pinheiro,97,BR,-2.52,-45.08,1587361941,97,73.45,1.12
328,Port Lincoln,78,AU,-34.73,135.87,1587361941,57,63.27,12.77
329,High Level,90,CA,58.52,-117.14,1587361941,69,39.2,8.05
330,Washington,14,US,47.5,-120.5,1587361866,60,48.0,4.72
331,Sterling,90,US,39.01,-77.43,1587361942,76,53.6,6.22
332,Punta Gorda,1,US,26.93,-82.05,1587361797,83,79.0,10.29
333,Kumul,85,CN,42.8,93.45,1587361942,13,70.9,4.56
334,Tomatlán,0,MX,19.93,-105.25,1587361943,77,70.16,4.72
335,Teya,98,RU,60.38,92.63,1587361943,53,44.13,9.6
336,Burnie,22,AU,-41.07,145.92,1587361943,62,60.01,7.0
337,Nicoya,3,CR,10.15,-85.45,1587361943,88,70.0,5.01
338,Laas,75,IT,46.62,10.7,1587361737,100,46.4,3.8
339,Jasło,12,PL,49.75,21.47,1587361944,23,43.0,1.99
340,Sisimiut,95,GL,66.94,-53.67,1587361944,87,25.23,17.58
341,Puerto Cabezas,5,NI,14.04,-83.39,1587361944,86,76.26,5.3
342,Nizhniy Kuranakh,100,RU,58.84,125.49,1587361944,82,24.78,7.43
343,Ketchikan,90,US,55.34,-131.65,1587361945,87,46.4,9.17
344,Sarangani,66,PH,5.4,125.46,1587361945,76,84.31,17.0
345,Itatiba,20,BR,-23.01,-46.84,1587361945,82,62.6,13.87
346,Colac,35,AU,-38.33,143.58,1587361945,84,61.0,1.99
347,Shaunavon,50,CA,49.65,-108.42,1587361945,52,40.39,10.16
348,Acarí,36,PE,-15.43,-74.62,1587361946,58,70.21,3.53
349,Takaka,55,NZ,-40.85,172.8,1587361968,86,60.01,1.99
350,Derzhavīnsk,92,KZ,51.1,66.32,1587361968,28,70.59,17.81
351,Fillmore,1,US,43.67,-92.1,1587361945,51,35.6,4.7
352,Kabwe,8,ZM,-14.45,28.45,1587361969,49,65.1,10.42
353,Phan Thiet,11,VN,10.93,108.1,1587361960,45,91.99,10.94
354,Tefé,95,BR,-3.35,-64.71,1587361969,96,73.42,0.96
355,Luxeuil-les-Bains,48,FR,47.82,6.37,1587361970,87,51.8,2.24
356,Ahipara,100,NZ,-35.17,173.17,1587361970,91,64.24,4.85
357,Kyzyl-Suu,34,KG,42.34,78.0,1587361970,22,52.3,3.31
358,Sosnovo-Ozerskoye,95,RU,52.52,111.54,1587361971,50,28.35,11.63
359,Juneau,20,US,58.3,-134.42,1587361894,70,46.4,3.36
360,Luleå,98,SE,65.58,22.15,1587361971,74,37.4,9.17
361,Bathsheba,40,BB,13.22,-59.52,1587361971,74,78.8,17.22
362,Hualmay,4,PE,-11.1,-77.61,1587361971,80,69.1,6.06
363,Jurm,14,AF,36.86,70.83,1587361972,22,59.61,5.91
364,The Valley,20,AI,18.22,-63.06,1587361972,78,80.6,10.29
365,Katsuura,100,JP,35.13,140.3,1587361972,91,63.72,5.93
366,Esim,100,GH,4.87,-2.24,1587361972,82,81.03,6.06
367,Lebu,100,CL,-37.62,-73.65,1587361705,69,55.72,9.55
368,Nova Olímpia,1,BR,-14.8,-57.29,1587361973,89,71.1,0.89
369,Ternate,32,ID,0.8,127.4,1587361973,64,86.63,5.5
370,Matam,88,SN,15.62,-13.33,1587361973,16,81.9,10.74
371,Yovon,20,TJ,38.31,69.04,1587361974,43,75.2,3.49
372,Young,0,UY,-32.68,-57.63,1587361974,90,60.01,4.16
373,Barranco,78,PA,9.52,-82.7,1587361974,91,75.99,2.89
374,Gisborne,100,NZ,-38.65,178.0,1587361974,61,64.0,1.01
375,Sur,0,OM,22.57,59.53,1587361974,28,93.51,1.41
376,Broken Hill,100,AU,-31.95,141.43,1587361755,25,73.4,10.29
377,Port Hardy,75,CA,50.7,-127.42,1587361975,81,50.0,4.7
378,Upernavik,46,GL,72.79,-56.15,1587361975,95,17.92,18.54
379,Meulaboh,9,ID,4.14,96.13,1587361733,62,88.2,4.36
380,Mount Isa,48,AU,-20.73,139.5,1587361975,12,96.8,8.05
381,Broome,90,US,42.25,-75.83,1587361976,74,39.99,13.87
382,Arman',3,RU,59.7,150.17,1587361976,86,19.08,7.94
383,Sănduleşti,20,RO,46.58,23.72,1587361976,75,42.8,6.93
384,Temuco,20,CL,-38.73,-72.6,1587361977,100,43.0,1.12
385,Nakambala,69,ZM,-15.83,27.78,1587361930,60,65.44,5.66
386,Kuusamo,90,FI,65.97,29.18,1587361977,86,37.4,5.82
387,Luanda,75,AO,-8.84,13.23,1587361711,94,78.8,2.24
388,Kerman,98,IR,30.28,57.08,1587361773,48,66.2,11.41
389,Bahía de Caráquez,20,EC,-0.6,-80.42,1587361978,83,77.0,4.7
390,Marabá,40,BR,-5.37,-49.12,1587361970,94,78.8,2.24
391,Luwuk,90,ID,-0.95,122.79,1587361782,69,85.64,5.19
392,Hūn,88,LY,29.13,15.95,1587361979,14,81.14,15.52
393,Conceição da Barra,6,BR,-18.59,-39.73,1587361979,82,72.41,10.76
394,Vysokogornyy,100,RU,50.12,139.15,1587361979,44,51.48,6.98
395,Filingué,1,NE,14.35,3.32,1587361979,38,83.97,5.75
396,Miraflores,75,MX,19.22,-98.81,1587361980,38,73.4,9.17
397,Lazurne,100,UA,46.08,32.53,1587361980,68,48.0,3.0
398,Aksarka,100,RU,66.56,67.8,1587361980,98,34.21,8.55
399,Methóni,75,GR,36.82,21.7,1587361980,93,63.0,3.58
400,Chernyshevsk,100,RU,52.52,117.02,1587361980,52,31.75,18.23
401,Denpasar,20,ID,-8.65,115.22,1587361981,79,89.6,6.93
402,Livramento,20,BR,-3.03,-60.18,1587361981,94,78.8,2.53
403,Lukang,40,TW,24.06,120.44,1587361981,69,90.0,10.29
404,Leh,87,IN,34.17,77.58,1587361981,16,37.53,1.14
405,Redmond,31,US,47.67,-122.12,1587361982,84,52.0,2.28
406,Pāvugada,0,IN,14.1,77.27,1587361982,14,96.6,9.55
407,Havre-St-Pierre,90,CA,50.23,-63.6,1587361982,79,28.4,8.05
408,Campina Grande do Sul,89,BR,-25.31,-49.06,1587361982,96,55.0,3.0
409,Acaraú,23,BR,-2.89,-40.12,1587361983,90,75.74,3.24
410,Eureka,74,US,40.8,-124.16,1587361983,82,52.0,1.01
411,Constitución,93,CL,-35.33,-72.42,1587361983,67,56.05,8.37
412,Malatya Province,100,TR,38.5,38.0,1587361905,62,59.0,2.24
413,Chernyshevskiy,61,RU,63.01,112.47,1587361984,82,30.74,4.99
414,Pandamatenga,9,BW,-18.53,25.63,1587361984,45,64.74,10.51
415,Saint Anthony,1,US,45.02,-93.22,1587361835,51,39.99,8.39
416,Mato Verde,35,BR,-15.4,-42.87,1587361984,73,66.49,4.68
417,Kembé,85,CF,4.62,21.89,1587361985,74,73.98,4.0
418,Xudat,73,AZ,41.63,48.68,1587361985,59,60.24,3.51
419,Dzerzhinsk,75,RU,56.24,43.46,1587361985,93,46.99,2.24
420,Maţāy,0,EG,28.42,30.78,1587361985,46,67.78,14.61
421,Penzance,98,GB,50.12,-5.54,1587361985,76,53.01,12.75
422,Plettenberg Bay,0,ZA,-34.05,23.37,1587361986,55,68.02,1.68
423,Vestmannaeyjar,100,IS,63.44,-20.27,1587361986,92,46.38,26.24
424,Ixtapa,75,MX,20.7,-105.2,1587361987,88,71.6,3.89
425,Pauini,65,BR,-7.71,-66.98,1587361987,88,72.1,0.87
426,Port Hawkesbury,1,CA,45.62,-61.35,1587361889,79,28.4,5.82
427,Umm Kaddadah,94,SD,13.6,26.69,1587361987,13,79.99,16.58
428,Qurayyat,0,SA,31.33,37.34,1587361831,39,64.4,4.7
429,Casablanca,40,MA,33.59,-7.62,1587361736,93,57.99,6.93
430,Moree,77,AU,-29.47,149.85,1587361988,25,75.2,14.99
431,Maniitsoq,100,GL,65.42,-52.9,1587361988,88,26.53,22.79
432,Olinda,40,BR,-8.01,-34.86,1587361777,88,78.8,3.36
433,Ingham,1,US,42.6,-84.38,1587361989,69,34.0,5.82
434,Ribeira Brava,14,PT,32.65,-17.07,1587361989,77,59.0,1.99
435,Ettaiyapuram,45,IN,9.14,77.99,1587361989,40,95.05,11.12
436,Belaya Gora,67,RU,68.53,146.42,1587361989,93,19.18,9.28
437,Sherlovaya Gora,100,RU,50.57,116.25,1587361989,48,27.7,23.2
438,Dalby,50,AU,-27.18,151.27,1587361990,21,82.0,12.75
439,Buraidah,75,SA,26.33,43.98,1587361990,56,71.6,11.41
440,Perama,55,GR,37.98,23.58,1587361990,80,63.0,1.88
441,Rimouski,90,CA,48.45,-68.52,1587361830,86,37.4,5.82
442,Thayetmyo,0,MM,19.32,95.18,1587361991,15,108.95,5.1
443,Pavino,14,RU,59.11,46.14,1587361991,58,43.72,2.93
444,Kitimat,20,CA,54.05,-128.65,1587361991,71,50.0,17.22
445,Nantucket,90,US,41.28,-70.1,1587361855,87,48.99,16.11
446,Staryy Nadym,93,RU,65.61,72.68,1587361992,99,34.74,12.26
447,Westminster,1,US,39.84,-105.04,1587361983,33,48.99,10.29
448,Isangel,100,VU,-19.55,169.27,1587361992,83,79.54,11.99
449,San Carlos,21,VE,9.66,-68.58,1587361992,74,76.3,1.72
450,Berbera,85,SO,10.44,45.01,1587361992,70,85.86,10.6
451,Yanggu,47,CN,36.11,115.78,1587361993,22,68.74,7.9
452,Alghero,20,IT,40.56,8.32,1587361993,100,59.0,12.75
453,Bubanza Province,99,BI,-3.12,29.4,1587361993,57,70.68,1.66
454,Murray Bridge,88,AU,-35.12,139.27,1587361993,55,64.99,7.0
455,Andenes,75,NO,69.31,16.12,1587361993,86,43.0,17.22
456,Vanavara,0,RU,60.34,102.28,1587361994,58,40.03,1.03
457,Zaidpur,75,IN,26.83,81.33,1587361994,43,89.6,4.7
458,Srednekolymsk,100,RU,67.45,153.68,1587361994,93,18.16,10.36
459,Padang,14,ID,-0.95,100.35,1587361935,67,88.03,2.84
460,Concarneau,100,FR,47.88,-3.92,1587361995,93,50.0,8.05
461,Paraíso,94,CR,9.84,-83.87,1587361995,84,64.99,0.89
462,Port Macquarie,99,AU,-31.43,152.92,1587361995,60,77.0,6.02
463,Chake Chake,98,TZ,-5.25,39.77,1587361995,78,80.85,14.2
464,Kemin,0,KG,42.78,75.69,1587361995,19,64.06,1.77
465,Narasannapeta,7,IN,18.42,84.05,1587361996,49,94.82,14.32
466,Orange Cove,26,US,36.62,-119.31,1587361996,87,61.0,3.15
467,Armidale,93,AU,-30.52,151.65,1587361996,36,61.52,7.76
468,Kapuskasing,5,CA,49.42,-82.43,1587361996,51,12.2,6.93
469,Seoul,90,KR,37.57,126.98,1587361789,93,51.8,4.7
470,Sargūr,40,IN,11.98,76.42,1587361997,55,86.0,6.93
471,Benghazi,100,LY,32.12,20.07,1587361997,48,67.93,19.37
472,Ulladulla,75,AU,-35.35,150.47,1587361997,49,68.0,5.82
473,Poum,95,NC,-20.23,164.02,1587361997,81,80.01,14.05
474,Tocopilla,11,CL,-22.09,-70.2,1587361998,43,67.37,1.5
475,Rancho Palos Verdes,95,US,33.74,-118.39,1587361745,92,59.0,8.3
476,Grand Forks,75,US,47.93,-97.03,1587361998,45,46.4,17.22
477,Wau,100,SS,7.7,28.0,1587361998,54,80.44,10.92
478,Touros,20,BR,-5.2,-35.46,1587361998,94,75.2,5.82
479,Östersund,96,SE,63.18,14.64,1587361731,86,33.8,13.87
480,Puerto Salgar,95,CO,5.46,-74.65,1587361999,74,75.52,1.32
481,Ceres,1,US,37.59,-120.96,1587361999,59,60.8,11.41
482,Panama City,67,PA,8.99,-79.52,1587361831,90,75.27,3.98
483,Manchester,0,GB,53.48,-2.24,1587361861,86,43.0,6.93
484,Morden,75,CA,49.19,-98.1,1587362000,48,42.8,10.29
485,Esso,91,RU,55.93,158.7,1587362001,83,19.51,11.18
486,Bonfim,100,BR,3.08,-59.95,1587362001,67,80.89,3.04
487,Goderich,0,CA,43.75,-81.72,1587362001,65,35.01,8.3
488,Kaeo,100,NZ,-35.1,173.78,1587361705,95,62.01,5.01
489,Bentong,57,MY,3.52,101.91,1587362002,40,100.99,1.9
490,Mayumba,100,GA,-3.43,10.66,1587362002,85,78.58,5.97
491,Portland,4,US,45.52,-122.68,1587361951,79,52.0,2.46
492,Longyearbyen,75,SJ,78.22,15.64,1587362002,79,21.2,27.51
493,Piedade,41,BR,-23.71,-47.43,1587362002,75,58.32,4.5
494,Saint-Pierre,75,RE,-21.34,55.48,1587362003,69,78.8,23.04
495,Quatre Cocos,75,MU,-20.21,57.76,1587362003,88,75.2,19.46
496,Raja,83,SS,8.46,25.68,1587362003,53,79.25,6.8
497,Zacualpan,75,MX,21.25,-105.17,1587362003,88,71.6,3.91
498,Santa Maria,0,BR,-29.68,-53.81,1587362004,76,59.02,3.44
499,Shirgaon,0,IN,19.7,72.7,1587362004,53,95.0,16.11
500,Bač,100,RS,45.39,19.24,1587362004,61,52.0,6.93
501,Gondanglegi,99,ID,-7.75,112.01,1587362004,65,88.18,5.55
502,Chara,100,RU,56.91,118.26,1587362004,71,20.03,7.87
503,Tura,71,IN,25.52,90.22,1587361750,53,85.78,7.9
504,Coxim,1,BR,-18.51,-54.76,1587362005,83,71.37,6.64
505,Gobabis,31,NA,-22.45,18.97,1587362005,82,59.0,1.12
506,Yeppoon,75,AU,-23.13,150.73,1587362005,58,86.0,6.93
507,Vitim,97,RU,59.45,112.56,1587362006,81,31.08,5.46
508,Poros,79,GR,37.5,23.45,1587362006,87,62.01,1.01
509,Sola,21,VU,-13.88,167.55,1587362006,67,83.62,2.64
510,Brandon,1,US,27.94,-82.29,1587362006,88,79.0,6.93
511,Kautokeino,100,NO,69.01,23.04,1587362006,79,34.23,6.51
512,Beshpagir,93,RU,45.02,42.38,1587362007,58,57.2,11.18
513,Kaabong,100,UG,3.48,34.15,1587362007,46,67.57,2.68
514,Aksu,71,CN,41.12,80.26,1587362007,31,63.37,4.63
515,Khorixas,88,NA,-20.37,14.97,1587362007,45,72.54,2.62
516,Riohacha,70,CO,11.54,-72.91,1587362007,77,78.01,7.4
517,Karakol,22,KG,42.49,78.39,1587362008,17,57.56,4.68
518,Nemuro,75,JP,43.32,145.57,1587362008,86,39.2,11.41
519,Stornoway,0,GB,58.21,-6.39,1587362008,69,33.8,2.95
520,Luganville,75,VU,-15.53,167.17,1587362008,83,82.4,3.36
521,Inverell,71,AU,-29.78,151.12,1587362008,42,70.0,4.0
522,Mossamedes,81,AO,-15.2,12.15,1587362009,76,74.79,4.52
523,Rūdbār,67,AF,30.15,62.6,1587362009,26,78.78,3.09
524,Marabba,75,SD,12.35,32.18,1587362009,12,84.92,9.6
525,Hecun,21,CN,36.53,114.11,1587362009,16,71.62,7.18
526,Bandarbeyla,72,SO,9.49,50.81,1587362009,65,83.8,2.57
527,Kaohsiung City,40,TW,22.62,120.31,1587362010,51,86.0,12.75
528,Calabaca,81,PH,14.3,122.43,1587362010,69,85.23,9.64
529,Holsted,0,DK,55.51,8.92,1587362010,69,37.4,5.82
530,Anori,96,BR,-3.77,-61.64,1587362010,97,73.06,2.15
531,Hay River,40,CA,60.82,-115.8,1587362010,79,26.6,6.93
532,Galesong,40,ID,-5.32,119.37,1587362011,66,89.6,4.7
533,Minas,0,UY,-34.38,-55.24,1587362011,87,64.99,4.7
534,Viedma,89,AR,-40.81,-63.0,1587361784,50,60.71,8.19
535,Stann Creek Town,18,BZ,16.97,-88.23,1587362011,84,82.0,11.01
536,Havelock,20,US,34.88,-76.9,1587362011,82,64.4,7.34
537,Qingyuan,75,CN,23.7,113.03,1587362012,58,86.0,8.95
538,Sulangan,92,PH,11.14,123.72,1587362012,71,85.77,7.7
539,Ustrzyki Dolne,5,PL,49.43,22.59,1587362012,67,43.0,7.52
540,Palm Bay,20,US,28.03,-80.59,1587362013,83,79.0,8.05
541,Davila,40,PH,18.47,120.58,1587362013,74,86.0,14.99
542,Puro,92,PH,12.48,123.38,1587362013,62,88.34,8.16
543,Ekangala,0,ZA,-25.7,28.75,1587362014,93,53.6,5.19
544,Son La,20,VN,21.32,103.9,1587361989,24,96.91,4.72
545,Saint-Louis,0,SN,16.33,-15.0,1587362014,35,69.22,10.94
546,Pisa,75,IT,43.72,10.4,1587362014,100,59.0,9.17
547,Beyneu,92,KZ,45.32,55.2,1587362015,40,69.08,4.72
548,Mahajanga,40,MG,-15.72,46.32,1587362015,58,84.2,13.87
549,Stromness,0,GB,58.97,-3.3,1587362015,86,44.01,10.29
550,Chicama,9,PE,-7.84,-79.15,1587362015,72,72.41,6.06
551,Angoche,49,MZ,-16.23,39.91,1587362016,84,77.58,9.89
552,Skelmersdale,0,GB,53.55,-2.77,1587362016,83,44.01,8.01
553,Mbandaka,98,CD,0.05,18.26,1587362016,85,73.27,1.79
554,San Cristobal,84,VE,7.77,-72.22,1587362016,63,66.31,1.34
555,Tuy Hoa,33,VN,13.08,109.3,1587362017,55,88.25,8.59
556,Fontanka,77,UA,46.56,30.86,1587362017,45,46.4,17.9
557,Ban Nahin,3,LA,18.24,104.21,1587362017,45,99.0,6.29
558,Ostrovnoy,72,RU,68.05,39.51,1587362017,91,34.3,9.78
559,Kapoeta,93,SS,4.77,33.59,1587362018,41,80.76,1.66
560,Jaicós,98,BR,-7.36,-41.14,1587362018,87,70.75,3.67
561,San Francisco,75,US,37.77,-122.42,1587361989,66,55.99,8.05
562,Ajdabiya,100,LY,30.76,20.23,1587362018,32,71.11,15.7
563,Leopold,40,AU,-38.18,144.47,1587362018,52,66.99,14.99
564,Lhokseumawe,16,ID,5.18,97.15,1587361725,60,89.85,7.83
565,Prabumulih,77,ID,-3.45,104.25,1587362019,58,89.8,2.95
566,Bestöbe,88,KZ,52.5,73.1,1587362019,33,68.38,4.81
567,Hokitika,59,NZ,-42.72,170.97,1587362019,71,52.65,0.74
568,Maridi,100,SS,4.92,29.47,1587362020,60,72.5,8.68
